{"max":1,"peaks":[0,0.45098039215686275,0.596078431372549,0.7137254901960784,0.5882352941176471,0.5568627450980392,0.5176470588235295,0.4196078431372549,0.27058823529411763,0.7568627450980392,0.6941176470588235,0.3215686274509804,0.1450980392156863,0.023529411764705882,0.5647058823529412,0.4392156862745098,0.9058823529411765,0.6862745098039216,0.16862745098039217,0.3411764705882353,0.9764705882352941,0.6431372549019608,0.7058823529411765,0.6392156862745098,0.25098039215686274,0.16470588235294117,0.5686274509803921,0.5098039215686274,0.5215686274509804,0.9411764705882353,0.023529411764705882,0.2980392156862745,0.043137254901960784,0.3411764705882353,0.4745098039215686,0.4,0.15294117647058825,0.40784313725490196,0.3764705882352941,0.1843137254901961,0.3254901960784314,0.3686274509803922,0.7450980392156863,0.6862745098039216,0.23529411764705882,0.9803921568627451,0.25098039215686274,0.43529411764705883,0.6784313725490196,0.08627450980392157,0.054901960784313725,0.615686274509804,0.21176470588235294,0.5333333333333333,0.09019607843137255,0.34901960784313724,0.2980392156862745,0.592156862745098,0.6392156862745098,0.6392156862745098,0.03137254901960784,0.0392156862745098,0.49019607843137253,0.8509803921568627,0.7254901960784313,0.7764705882352941,0.24705882352941178,0.7215686274509804,0,0.8235294117647058,0.4392156862745098,0.47843137254901963,0.2980392156862745,0.37254901960784315,0.6666666666666666,0.8901960784313725,0.30980392156862746,0.6352941176470588,0.9019607843137255,0,0.38823529411764707,0.1803921568627451,0.2823529411764706,0.9882352941176471,0.3254901960784314,0.23529411764705882,0.7098039215686275,0.08627450980392157,0.6235294117647059,0.7372549019607844,0.4627450980392157,0.10588235294117647,0.8901960784313725,0.6823529411764706,0.058823529411764705,0.6901960784313725,0.30980392156862746,0.3568627450980392,0.6392156862745098,0.5098039215686274]}