{"max":1,"peaks":[0,0.8705882352941177,0.3333333333333333,0.6666666666666666,0.10980392156862745,0.6941176470588235,0.35294117647058826,0.9529411764705882,0.023529411764705882,0.01568627450980392,0.9372549019607843,0.41568627450980394,0.30980392156862746,0.592156862745098,0.20392156862745098,0.5294117647058824,0.8431372549019608,0.32941176470588235,0.6431372549019608,0.5098039215686274,0.5529411764705883,0.6,0.0784313725490196,0.40784313725490196,0.6666666666666666,0.20784313725490197,0.7137254901960784,0.8,0.5411764705882353,0.20784313725490197,0.047058823529411764,0.9568627450980393,0.3176470588235294,0.01568627450980392,0.9372549019607843,0.5843137254901961,0.7647058823529411,0.5725490196078431,0.6431372549019608,0.7294117647058823,0.45098039215686275,0,0.050980392156862744,0.14901960784313725,0.043137254901960784,0.42745098039215684,0.3843137254901961,0.6980392156862745,0.7803921568627451,0.1411764705882353,0.6235294117647059,0.054901960784313725,0.9529411764705882,0.00784313725490196,0.5607843137254902,0,0.5294117647058824,0.2627450980392157,0.7294117647058823,0.40784313725490196,0.07058823529411765,0.5411764705882353,0.807843137254902,0.7176470588235294,0.07058823529411765,0.9058823529411765,0.1411764705882353,0.8862745098039215,1,0,0.32941176470588235,0.23529411764705882,0.0196078431372549,0.37254901960784315,0.1450980392156863,0.9764705882352941,0.5333333333333333,0.28627450980392155,1,0.984313725490196,0.5058823529411764,0.3568627450980392,0.19607843137254902,0.3803921568627451,0.8862745098039215,0.8,0.9921568627450981,0.9803921568627451,0.15294117647058825,0.011764705882352941,0.2627450980392157,0.6470588235294118,0.3176470588235294,0.3686274509803922,0.2196078431372549,0.00392156862745098,0.4823529411764706,0.47058823529411764,0.611764705882353,0.7294117647058823]}