{"max":1,"peaks":[0.8470588235294118,0.47058823529411764,0.09803921568627451,0.8,0.03529411764705882,0.24313725490196078,0.7568627450980392,0.1843137254901961,0.1568627450980392,0.28627450980392155,0.11764705882352941,0.13725490196078433,0.5215686274509804,0.9019607843137255,0.5490196078431373,1,0.3215686274509804,0.1568627450980392,0.38823529411764707,0.5686274509803921,0.42745098039215684,0.9215686274509803,0.45098039215686275,0.07058823529411765,0,0.7607843137254902,0.7764705882352941,0.49019607843137253,0.47058823529411764,0.7843137254901961,0.9294117647058824,0.13725490196078433,0.6549019607843137,0.2901960784313726,0.8470588235294118,0.5843137254901961,0.3058823529411765,0.7843137254901961,0.9294117647058824,0.6980392156862745,0.9529411764705882,0.08235294117647059,0.7294117647058823,0.23529411764705882,0.5568627450980392,0.25098039215686274,0.00392156862745098,0.27450980392156865,0.592156862745098,0.6705882352941176,0.792156862745098,0.3176470588235294,0.36470588235294116,0.5725490196078431,0.011764705882352941,0.027450980392156862,0.7725490196078432,0.7647058823529411,0.10588235294117647,0.596078431372549,0,0.788235294117647,0.11372549019607843,0.34509803921568627,0.13333333333333333,0.40784313725490196,0.023529411764705882,0.2196078431372549,0.7686274509803922,0.5372549019607843,0.5294117647058824,0.803921568627451,0.4117647058823529,0.7176470588235294,0.23529411764705882,0.30980392156862746,0.3607843137254902,0.5098039215686274,0.07450980392156863,0.6901960784313725,0.0784313725490196,0.11372549019607843,0.8627450980392157,0.08235294117647059,0.5607843137254902,0.2980392156862745,0.21176470588235294,0.03137254901960784,0.12941176470588237,0.33725490196078434,0.9725490196078431,0.06274509803921569,0.6274509803921569,0.44313725490196076,0.6549019607843137,0.6196078431372549,0.9137254901960784,0.25098039215686274,0.4,0.7019607843137254]}