{"max":1,"peaks":[0.12549019607843137,0.9882352941176471,0.40784313725490196,0.7294117647058823,0.7098039215686275,0.2,0.44313725490196076,0.4823529411764706,0.1843137254901961,0.7294117647058823,0.8313725490196079,0.792156862745098,0.9490196078431372,0.27450980392156865,0.7725490196078432,0.023529411764705882,0.7137254901960784,0.807843137254902,0.12941176470588237,0.8901960784313725,0.9294117647058824,0.6196078431372549,0.2901960784313726,0.6196078431372549,0.011764705882352941,0.403921568627451,0.13725490196078433,0.807843137254902,0.2980392156862745,0.9019607843137255,0.4117647058823529,0.9529411764705882,0.36470588235294116,0.3254901960784314,0.2627450980392157,0.984313725490196,0.19215686274509805,0.8862745098039215,0.3607843137254902,0.49411764705882355,0.3254901960784314,0.6549019607843137,0.3803921568627451,0.5607843137254902,0.18823529411764706,0.6509803921568628,0.5215686274509804,0.7803921568627451,0.5529411764705883,0.8156862745098039,0.13333333333333333,0.8274509803921568,0.40784313725490196,0.6941176470588235,0.12156862745098039,0.6705882352941176,0.03137254901960784,0.5686274509803921,0.8823529411764706,0.788235294117647,0.7372549019607844,0.27450980392156865,0.5450980392156862,0.47058823529411764,0.10980392156862745,0.8549019607843137,0.20392156862745098,0.5215686274509804,0.9058823529411765,0.9882352941176471,0.18823529411764706,0.011764705882352941,0.9450980392156862,0.2549019607843137,0.9686274509803922,0.13725490196078433,0.788235294117647,0.3058823529411765,0.9725490196078431,0.4,0.9019607843137255,0.4117647058823529,0.7725490196078432,0,0.38823529411764707,0.2980392156862745,0.38823529411764707,0.788235294117647,0.09019607843137255,0.00392156862745098,0.9803921568627451,0.03137254901960784,0.30980392156862746,0.4823529411764706,0.2627450980392157,0.3764705882352941,0,0.27450980392156865,0.396078431372549,0.011764705882352941]}