{"max":1,"peaks":[0.03137254901960784,1,0.09803921568627451,0.34509803921568627,0.2196078431372549,0.5490196078431373,0.5647058823529412,0.24313725490196078,0.9725490196078431,0.5529411764705883,0.3803921568627451,0.9294117647058824,0.34901960784313724,0.4627450980392157,0.3215686274509804,0.2784313725490196,0.7254901960784313,0.7254901960784313,0.07058823529411765,1,0.0784313725490196,0.20392156862745098,0.8274509803921568,0.8313725490196079,0.4980392156862745,0.03137254901960784,0.054901960784313725,0.5372549019607843,0.29411764705882354,0.1843137254901961,0.7058823529411765,0.6,0.8509803921568627,0.49019607843137253,0.21176470588235294,0.6941176470588235,0.5843137254901961,0.7254901960784313,0.7647058823529411,0.6666666666666666,0.043137254901960784,0.8784313725490196,0.7725490196078432,0.1843137254901961,0.0392156862745098,0.10588235294117647,0.7529411764705882,0.7568627450980392,0.807843137254902,0.17254901960784313,0.6078431372549019,0.8274509803921568,0.10588235294117647,0.6941176470588235,0.8313725490196079,0.6784313725490196,0.9882352941176471,0.9137254901960784,0.9686274509803922,0.6274509803921569,0.3607843137254902,0.807843137254902,0.37254901960784315,0.25098039215686274,0.1607843137254902,0.5294117647058824,0.1450980392156863,0.13333333333333333,0.058823529411764705,0.4117647058823529,0.2196078431372549,0.9294117647058824,0,0.19215686274509805,0.03137254901960784,0.5764705882352941,0.6705882352941176,0.8156862745098039,0.5843137254901961,0.2784313725490196,0.8235294117647058,0.023529411764705882,0.43529411764705883,0.47843137254901963,0.1568627450980392,0.396078431372549,0.6431372549019608,0.49019607843137253,0.28627450980392155,0.5490196078431373,0.30196078431372547,0.14901960784313725,0.9725490196078431,0.9019607843137255,0.2784313725490196,0.30980392156862746,0.19215686274509805,0.792156862745098,0.6274509803921569,0.17647058823529413]}