{"max":1,"peaks":[0,0.4823529411764706,0.5843137254901961,0.5843137254901961,0.2235294117647059,0.8705882352941177,0.6588235294117647,0.6549019607843137,0.396078431372549,0.19607843137254902,0.403921568627451,0.2,0.6352941176470588,0.6352941176470588,0.23921568627450981,0.12156862745098039,0.8235294117647058,0.8352941176470589,0.5764705882352941,0.23529411764705882,0.33725490196078434,0.49019607843137253,0.49019607843137253,0.09803921568627451,0.5411764705882353,1,0.2,0.8196078431372549,0.9137254901960784,0.7098039215686275,0.45098039215686275,0.7215686274509804,0,0.5529411764705883,0.611764705882353,0.7176470588235294,0.09803921568627451,0.8392156862745098,0.42745098039215684,0.6352941176470588,0.8666666666666667,0.06666666666666667,0.11372549019607843,0.8745098039215686,0.47843137254901963,0.07450980392156863,0.5529411764705883,0.07058823529411765,0.26666666666666666,0.00784313725490196,0.9098039215686274,0.20392156862745098,0.25882352941176473,0.9176470588235294,0.5137254901960784,0.09803921568627451,0.2823529411764706,0.5254901960784314,0.6549019607843137,0.25882352941176473,0.047058823529411764,0.06666666666666667,0.807843137254902,0.792156862745098,0.5882352941176471,0.23529411764705882,0.9294117647058824,0.27450980392156865,0.09803921568627451,0.5176470588235295,0.6980392156862745,0.043137254901960784,0.9450980392156862,0.25882352941176473,0.3254901960784314,0.00784313725490196,0.9215686274509803,0,0.7294117647058823,0.34901960784313724,0.38823529411764707,0.7764705882352941,0.8235294117647058,0.5215686274509804,0.5333333333333333,0,0.050980392156862744,0.1450980392156863,0.12156862745098039,0.8745098039215686,0.6078431372549019,0.1568627450980392,0.3254901960784314,0.13333333333333333,0.09411764705882353,0.6588235294117647,0.8156862745098039,0.984313725490196,0.10588235294117647,0.7843137254901961]}