{"max":1,"peaks":[0.1843137254901961,0.28627450980392155,0.2549019607843137,0.1843137254901961,0.803921568627451,0.00784313725490196,0.8235294117647058,0.10588235294117647,0.8,0.7254901960784313,0.1568627450980392,0.4470588235294118,0,0.9058823529411765,0.9921568627450981,0.40784313725490196,0.17647058823529413,1,0.06274509803921569,0.09411764705882353,0.48627450980392156,0.3607843137254902,0.06274509803921569,0.42745098039215684,0.3686274509803922,0.12941176470588237,0.26666666666666666,0.3176470588235294,0.6784313725490196,0.49411764705882355,0.18823529411764706,0.7411764705882353,0.27450980392156865,0.9882352941176471,0.8549019607843137,0.788235294117647,0.5098039215686274,0.984313725490196,0.4,0.5019607843137255,0.4980392156862745,0.3686274509803922,0.8901960784313725,0.803921568627451,0.12941176470588237,0.6980392156862745,0.8549019607843137,0.17647058823529413,0.8352941176470589,0.6980392156862745,0.027450980392156862,0.9803921568627451,0.9098039215686274,0.8549019607843137,0.07058823529411765,0.9607843137254902,0.5647058823529412,0.2549019607843137,0.4392156862745098,0.9294117647058824,0.9176470588235294,0.7215686274509804,0.0392156862745098,0.7450980392156863,0.7137254901960784,0.09411764705882353,0.6392156862745098,0.6627450980392157,0.6235294117647059,0.6745098039215687,0.7686274509803922,0.4588235294117647,0.07058823529411765,0.08627450980392157,0.17647058823529413,0.3058823529411765,0.2901960784313726,0.6745098039215687,0.30196078431372547,0.06274509803921569,0.8823529411764706,0.592156862745098,0.8509803921568627,0.7647058823529411,0.7333333333333333,0.0784313725490196,0.45098039215686275,0.03137254901960784,0.3843137254901961,0.9529411764705882,0.4823529411764706,0.32941176470588235,0.47843137254901963,0.403921568627451,0.5215686274509804,0.3843137254901961,0,0,0,0]}