{"max":1,"peaks":[0.8470588235294118,0.984313725490196,0.396078431372549,0.7372549019607844,0.43137254901960786,0.7058823529411765,0.3215686274509804,0.39215686274509803,0.26666666666666666,0.4745098039215686,0.6313725490196078,0.5607843137254902,0.3058823529411765,0.596078431372549,0.10196078431372549,0.5803921568627451,0.11372549019607843,0.9294117647058824,0.3607843137254902,0.023529411764705882,0.7803921568627451,0.00392156862745098,0.8156862745098039,0.5843137254901961,0.8470588235294118,0.00392156862745098,0.5647058823529412,0.8862745098039215,0.8588235294117647,0.7450980392156863,0.9176470588235294,0.3254901960784314,0.047058823529411764,0.984313725490196,0.8235294117647058,0.10196078431372549,0.6745098039215687,0.36470588235294116,0.5490196078431373,0.807843137254902,0.13725490196078433,0.10196078431372549,0.6313725490196078,0.29411764705882354,0.49019607843137253,0.592156862745098,0.30196078431372547,0.1803921568627451,0.4392156862745098,0.09803921568627451,0.16470588235294117,0.9137254901960784,0.8784313725490196,0.4627450980392157,0.4392156862745098,0.12156862745098039,0.7411764705882353,0.4235294117647059,0.4745098039215686,0.38823529411764707,0.396078431372549,0.2235294117647059,0.047058823529411764,0.6745098039215687,0.7764705882352941,0.6941176470588235,0.6235294117647059,0.11372549019607843,0.4549019607843137,0.9647058823529412,0.8784313725490196,0.1568627450980392,0.8784313725490196,0.6,0.37254901960784315,0.10980392156862745,0.3411764705882353,0.7372549019607844,0.803921568627451,0,0.7098039215686275,0.7294117647058823,0.5019607843137255,0.36470588235294116,0.45098039215686275,0.7803921568627451,0.9490196078431372,0.3803921568627451,0.7254901960784313,0.5333333333333333,0.2627450980392157,0.2627450980392157,0.6470588235294118,0.5176470588235295,0.058823529411764705,0.12941176470588237,0.28627450980392155,0.0196078431372549,0.5490196078431373,0.00392156862745098]}