{"max":1,"peaks":[0.996078431372549,0.5803921568627451,0.9019607843137255,0.5019607843137255,0.6509803921568628,0.9725490196078431,0.4235294117647059,0.5764705882352941,0.9294117647058824,0.5098039215686274,0.2549019607843137,0.08627450980392157,0.24705882352941178,0.9019607843137255,0.17254901960784313,1,0.7019607843137254,0.00392156862745098,0.15294117647058825,0.14901960784313725,0.7215686274509804,0.6313725490196078,0.00784313725490196,0.10980392156862745,0.4235294117647059,0.47058823529411764,0.06274509803921569,0.5450980392156862,0.7019607843137254,0.34509803921568627,0.5764705882352941,0.4588235294117647,0.9411764705882353,0.6980392156862745,0.011764705882352941,0.44313725490196076,0.4549019607843137,0.2196078431372549,0.00784313725490196,0.36470588235294116,0.25882352941176473,0.2235294117647059,0,0.34509803921568627,0.8627450980392157,0.7098039215686275,0.47843137254901963,0,0.0392156862745098,0.6941176470588235,0.3333333333333333,0.9529411764705882,0.7176470588235294,0,0.7372549019607844,0.6705882352941176,0.07450980392156863,0.29411764705882354,0.01568627450980392,0.14901960784313725,0.0196078431372549,0.5254901960784314,1,0.6274509803921569,0.2235294117647059,0.03529411764705882,0.4980392156862745,0,0.07450980392156863,0.9607843137254902,0.6941176470588235,1,0.6509803921568628,0.13725490196078433,0.44313725490196076,0.20392156862745098,0.9215686274509803,0.3568627450980392,0.2627450980392157,0.8352941176470589,0.3333333333333333,0.8549019607843137,0.3764705882352941,0.27450980392156865,0.023529411764705882,0.4117647058823529,0.9019607843137255,0.8784313725490196,0.2549019607843137,0.09411764705882353,0.8784313725490196,0.12156862745098039,0.5411764705882353,0.807843137254902,0.6392156862745098,0.25882352941176473,0.788235294117647,0.5843137254901961,0.3568627450980392,0.9450980392156862]}