{"max":1,"peaks":[0.12549019607843137,0.8509803921568627,0.3137254901960784,0.3333333333333333,0.5411764705882353,0.6784313725490196,0.4549019607843137,0,0.09411764705882353,0.011764705882352941,0.592156862745098,0.792156862745098,0.44313725490196076,0.7647058823529411,0,0.9137254901960784,0.9137254901960784,0.4549019607843137,0.49019607843137253,0.7764705882352941,0.5450980392156862,0,0.047058823529411764,0.2823529411764706,0.12549019607843137,0.023529411764705882,0.4666666666666667,0.19215686274509805,0.8666666666666667,0.5019607843137255,0.38823529411764707,0.3607843137254902,0.2980392156862745,0.4470588235294118,0.08235294117647059,0.1607843137254902,0.7725490196078432,0.03137254901960784,0,0.5725490196078431,0.8941176470588236,0.6549019607843137,0.03137254901960784,0.23529411764705882,0.6862745098039216,0,0.3568627450980392,0.17254901960784313,0.20784313725490197,0.5529411764705883,0.6431372549019608,0.2823529411764706,0.9450980392156862,0.6549019607843137,0.4588235294117647,0.19215686274509805,0.2,0.7137254901960784,0.12549019607843137,0.19215686274509805,0.18823529411764706,0.4117647058823529,0,0.5490196078431373,0.35294117647058826,0.25098039215686274,0.25882352941176473,0.3764705882352941,0.34509803921568627,0,0.6549019607843137,0.5019607843137255,0.30196078431372547,0.5254901960784314,0.6823529411764706,0.9803921568627451,0.9686274509803922,0.6784313725490196,0.0196078431372549,0.7607843137254902,0.03137254901960784,0.8705882352941177,0.23137254901960785,0.8941176470588236,0.14901960784313725,0.10588235294117647,0.5019607843137255,0.792156862745098,0.5568627450980392,0.5019607843137255,0.8627450980392157,0.01568627450980392,0.9450980392156862,0,0.9490196078431372,0.25098039215686274,0.39215686274509803,0.06666666666666667,0,0]}