{"max":1,"peaks":[0,0.03529411764705882,0.34509803921568627,0.058823529411764705,0.788235294117647,0.807843137254902,0.47843137254901963,0.17254901960784313,0.7137254901960784,0.6862745098039216,0.5215686274509804,0.8392156862745098,0.058823529411764705,0.7803921568627451,0.9529411764705882,0,0.8,0.9215686274509803,0.5372549019607843,0.027450980392156862,0.0784313725490196,0.984313725490196,0.27450980392156865,0.3333333333333333,0.5058823529411764,0.6431372549019608,0.5529411764705883,0,0.06666666666666667,0.023529411764705882,0.7254901960784313,0.6470588235294118,0.403921568627451,0.1411764705882353,0.7725490196078432,0.39215686274509803,0.21176470588235294,0.8784313725490196,0.7294117647058823,0.8705882352941177,0.21176470588235294,0.9098039215686274,0.8156862745098039,0.396078431372549,0.1803921568627451,0.16470588235294117,0.0392156862745098,0.38823529411764707,0,0.5411764705882353,0.25882352941176473,0.2235294117647059,0.21568627450980393,0.3764705882352941,0.058823529411764705,0.7529411764705882,0.7137254901960784,0.996078431372549,0.2627450980392157,0.18823529411764706,0.03529411764705882,0.23921568627450981,0.6666666666666666,0.3215686274509804,0.8431372549019608,0.3333333333333333,0.6627450980392157,0.41568627450980394,0.20784313725490197,0.16470588235294117,0.17254901960784313,0.058823529411764705,0.984313725490196,0.7529411764705882,0.3843137254901961,0.7490196078431373,0,0.6901960784313725,0.2823529411764706,0.6392156862745098,0.4823529411764706,0.5411764705882353,0.5725490196078431,0.33725490196078434,0.6509803921568628,0.5490196078431373,0,0.7529411764705882,0.4196078431372549,0.7843137254901961,0.3843137254901961,0.5529411764705883,0.27450980392156865,0.8627450980392157,0.3215686274509804,0.33725490196078434,0,0,0,0]}