{"max":1,"peaks":[0.12549019607843137,0.4549019607843137,0.25882352941176473,0.3058823529411765,0.7725490196078432,0.16862745098039217,0.11764705882352941,0.8980392156862745,0.8941176470588236,0.18823529411764706,0.9607843137254902,0.9686274509803922,0.5686274509803921,0.9372549019607843,0.7058823529411765,0.3058823529411765,0.7843137254901961,0.10196078431372549,0.4588235294117647,0.7764705882352941,0.4196078431372549,0.42745098039215684,0.050980392156862744,0.07450980392156863,0.1450980392156863,0.38823529411764707,0.9803921568627451,0.19215686274509805,0.00392156862745098,0.26666666666666666,0.5019607843137255,0.788235294117647,0.15294117647058825,0.7411764705882353,0.8627450980392157,0.4627450980392157,0.592156862745098,0.9529411764705882,0.7725490196078432,0.023529411764705882,0.9803921568627451,0.6549019607843137,0.7529411764705882,0.17254901960784313,0.9803921568627451,0.2,0.8627450980392157,0.3607843137254902,0.5294117647058824,0.4823529411764706,0.6745098039215687,0.9490196078431372,0.11764705882352941,0.9764705882352941,0.4235294117647059,0.00784313725490196,0.0784313725490196,0.3215686274509804,0.5254901960784314,0.5058823529411764,0.29411764705882354,0.0784313725490196,0.6313725490196078,0.3254901960784314,0.8117647058823529,0.40784313725490196,0.4117647058823529,0.7568627450980392,0.7529411764705882,0.16862745098039217,0.8941176470588236,0.40784313725490196,0.6823529411764706,0.25882352941176473,0.9607843137254902,0.23529411764705882,0.6901960784313725,0.7843137254901961,0.9058823529411765,0.35294117647058826,0.6588235294117647,0.9568627450980393,0.984313725490196,0.19215686274509805,0.7254901960784313,0.47058823529411764,0.9529411764705882,0.9176470588235294,0.2980392156862745,0.6549019607843137,0.8941176470588236,0.1607843137254902,0.5137254901960784,0.47058823529411764,0.8,0.8980392156862745,0.8196078431372549,0,0.3568627450980392,0.058823529411764705]}