{"max":1,"peaks":[0.6196078431372549,0.40784313725490196,0.16470588235294117,0.2549019607843137,0.2784313725490196,0.6627450980392157,0.2980392156862745,0.6431372549019608,0.5647058823529412,0.5098039215686274,0.6705882352941176,0.17254901960784313,0.3686274509803922,0.03529411764705882,0.396078431372549,0.8588235294117647,0.7333333333333333,0.5254901960784314,0.7686274509803922,0.8745098039215686,0.5019607843137255,0,0.44313725490196076,0.24313725490196078,0.47843137254901963,0.47058823529411764,0.8862745098039215,0.9176470588235294,0.5058823529411764,0.10980392156862745,0.2549019607843137,0.403921568627451,0.6784313725490196,0.5294117647058824,0.9098039215686274,0.788235294117647,0.44313725490196076,0.5176470588235295,0.10980392156862745,0.6078431372549019,0.18823529411764706,0.1568627450980392,0.3803921568627451,0.9058823529411765,0.7764705882352941,0.5764705882352941,0.07058823529411765,0.8117647058823529,0.12549019607843137,0.03137254901960784,0.5529411764705883,0.4980392156862745,0.6941176470588235,0.6627450980392157,0.08627450980392157,0.7490196078431373,0.6627450980392157,0.3333333333333333,0.6941176470588235,0.6980392156862745,0.6352941176470588,0.27058823529411763,0.20392156862745098,0.9137254901960784,0.30196078431372547,0.3843137254901961,0.41568627450980394,0.23137254901960785,0.8313725490196079,0.19215686274509805,1,0.4,0.6862745098039216,0.4627450980392157,0.11372549019607843,0.792156862745098,0.615686274509804,0.4588235294117647,0.3803921568627451,0.6901960784313725,0.8274509803921568,0.5411764705882353,0.6274509803921569,0.9803921568627451,0.48627450980392156,0.5098039215686274,0.03137254901960784,0.8156862745098039,0,0,0.3411764705882353,0.34509803921568627,0.8941176470588236,0.7137254901960784,0.39215686274509803,0.30196078431372547,0.9137254901960784,0.2980392156862745,0.5843137254901961,0.7176470588235294]}